Submission id,,Status,Custom study tncs accepted at,Started at,Completed at,Reviewed at,Archived at,Time taken,Completion code,Total approvals,Fluent languages,Hearing difficulties,Vision,Age,Sex,Ethnicity simplified,Country of birth,Country of residence,Nationality,Language,Student status,Employment status
666c71619debcbbdc1816e49,,APPROVED,Not Applicable,2024-06-14T16:36:04.374000Z,2024-06-14T17:03:50.885000Z,2024-06-14T18:11:15.097000Z,2024-06-14T17:03:51.559115Z,1667,C12CKKMA,196,English,No,Yes,20,Male,Asian,United States,United States,United States,English,Yes,"Not in paid work (e.g. homemaker', 'retired or disabled)"
66704969a19cdef8085ce035,,APPROVED,Not Applicable,2024-06-17T14:35:54.970000Z,2024-06-17T15:06:48.069000Z,2024-06-17T17:52:58.456000Z,2024-06-17T15:07:58.927260Z,1854,C12CKKMA,135,English,No,Yes,21,Female,White,United States,United States,United States,English,No,Due to start a new job within the next month
666c6e8b12f960dc41d0816b,,APPROVED,Not Applicable,2024-06-14T16:23:44.540000Z,2024-06-14T17:10:35.821000Z,2024-06-14T18:11:13.102000Z,2024-06-14T17:12:59.111950Z,2812,C12CKKMA,211,English,No,Yes,22,Male,Mixed,United States,United States,United States,English,No,Unemployed (and job seeking)
666c6fe063916772c9816e34,,APPROVED,Not Applicable,2024-06-14T16:29:27.638000Z,2024-06-14T16:52:07.190000Z,2024-06-14T18:11:14.461000Z,2024-06-14T16:52:07.678378Z,1360,C12CKKMA,797,English,No,Yes,24,Female,Black,United States,United States,United States,English,Yes,Due to start a new job within the next month
66704aaaf5f945d019245d3f,,APPROVED,Not Applicable,2024-06-17T14:42:11.844000Z,2024-06-17T16:07:26.616000Z,2024-06-17T17:52:59.624000Z,2024-06-17T16:10:02.928179Z,5115,C12CKKMA,88,English,No,Yes,25,Female,Mixed,United States,United States,United States,English,No,Full-Time
667049e74bd4a99a00f3b85f,,APPROVED,Not Applicable,2024-06-17T14:36:29.625000Z,2024-06-17T15:06:32.893000Z,2024-06-17T17:52:58.854000Z,2024-06-17T15:07:51.346077Z,1804,C12CKKMA,735,English,No,Yes,26,Male,Other,United States,United States,United States,English,Yes,Full-Time
667053e032e73530f7ef4001,,APPROVED,Not Applicable,2024-06-17T15:21:09.795000Z,2024-06-17T15:52:38.857000Z,2024-06-17T17:53:04.901000Z,2024-06-17T15:52:39.503899Z,1890,C12CKKMA,439,English,No,Yes,27,Male,White,United States,United States,United States,English,No,Full-Time
6670495dc99f10f913bff3d7,,APPROVED,Not Applicable,2024-06-17T14:35:16.363000Z,2024-06-17T15:39:19.588000Z,2024-06-17T17:52:58.263000Z,2024-06-17T15:40:18.775872Z,3844,C12CKKMA,509,"English, Other",No,Yes,28,Female,Black,United States,United States,United States,English,No,Unemployed (and job seeking)
66704c9421e6cab958ad926a,,APPROVED,Not Applicable,2024-06-17T14:48:28.512000Z,2024-06-17T15:15:34.473000Z,2024-06-17T17:53:01.028000Z,2024-06-17T15:18:03.348460Z,1626,C12CKKMA,6968,English,No,Yes,28,Female,White,United States,United States,United States,English,No,Full-Time
666c6d8d33aa95ee79c11bc5,,APPROVED,Not Applicable,2024-06-14T16:19:31.642000Z,2024-06-14T16:45:00.193000Z,2024-06-14T18:11:12.818000Z,2024-06-14T16:45:12.086775Z,1529,C12CKKMA,139,English,No,Yes,28,Female,White,United States,United States,United States,English,DATA_EXPIRED,DATA_EXPIRED
66704d388479de6f3cc536d8,,APPROVED,Not Applicable,2024-06-17T14:57:20.399000Z,2024-06-17T15:30:52.709000Z,2024-06-17T17:53:02.195000Z,2024-06-17T15:31:07.547834Z,2013,C12CKKMA,13,English,No,Yes,29,Female,Other,United States,United States,United States,English,No,Other
66704e77ed47d583c562d56b,,APPROVED,Not Applicable,2024-06-17T14:56:13.057000Z,2024-06-17T15:39:10.606000Z,2024-06-17T17:53:04.308000Z,2024-06-17T15:40:17.652180Z,2578,C12CKKMA,3,English,No,Yes,30,Male,Black,Ghana,United States,United States,English,No,Full-Time
666c6cc7f09588c5755d457b,,APPROVED,Not Applicable,2024-06-14T16:16:47.289000Z,2024-06-14T16:51:06.713000Z,2024-06-14T18:10:49.798000Z,2024-06-14T16:51:07.176670Z,2060,C12CKKMA,122,English,No,Yes,30,Female,White,United States,United States,United States,English,No,"Not in paid work (e.g. homemaker', 'retired or disabled)"
666c70447365c4a932ef8fae,,APPROVED,Not Applicable,2024-06-14T16:31:07.089000Z,2024-06-14T16:53:42.833000Z,2024-06-14T18:11:14.738000Z,2024-06-14T16:53:43.523421Z,1356,C12CKKMA,3288,English,No,Yes,30,Female,Black,United States,United States,United States,English,No,Full-Time
66704d231dcf2ec2197b43db,,APPROVED,Not Applicable,2024-06-17T14:56:02.277000Z,2024-06-17T15:21:51.043000Z,2024-06-17T17:53:01.814000Z,2024-06-17T15:21:51.559311Z,1549,C12CKKMA,4705,English,No,Yes,31,Female,White,United States,United States,United States,English,No,Full-Time
66704e21e0fa5ca3ce84d2c0,,APPROVED,Not Applicable,2024-06-17T14:54:40.179000Z,2024-06-17T15:21:00.780000Z,2024-06-17T17:53:03.445000Z,2024-06-17T15:21:01.344240Z,1581,C12CKKMA,359,English,No,Yes,31,Male,White,Germany,United States,United States,English,No,Full-Time
66704cf4bf60d8ce1793e0a7,,APPROVED,Not Applicable,2024-06-17T14:49:33.002000Z,2024-06-17T15:51:15.259000Z,2024-06-17T17:53:01.621000Z,2024-06-17T15:51:15.806158Z,3703,C12CKKMA,140,English,No,Yes,33,Female,Black,United States,United States,United States,English,No,Full-Time
66704dce3a476df4203072c2,,APPROVED,Not Applicable,2024-06-17T14:53:07.088000Z,2024-06-17T15:16:48.067000Z,2024-06-17T17:53:03.011000Z,2024-06-17T15:18:39.079152Z,1421,C12CKKMA,50,English,No,Yes,33,Female,White,United States,United States,United States,English,No,Full-Time
66704e028456b0e5b179856c,,APPROVED,Not Applicable,2024-06-17T15:02:25.484000Z,2024-06-17T15:42:42.439000Z,2024-06-17T17:53:03.243000Z,2024-06-17T15:42:43.007879Z,2417,C12CKKMA,3100,English,No,Yes,33,Prefer not to say,White,United States,United States,United States,English,No,Part-Time
66704e6c469d3e80ce7985d0,,APPROVED,Not Applicable,2024-06-17T14:55:49.559000Z,2024-06-17T15:24:20.278000Z,2024-06-17T17:53:04.061000Z,2024-06-17T15:24:20.815753Z,1711,C12CKKMA,2527,English,No,Yes,34,Female,White,United States,United States,United States,English,No,DATA_EXPIRED
66706b708526cfb6e35ce8fe,,APPROVED,Not Applicable,2024-06-17T17:01:14.995000Z,2024-06-17T18:11:23.491000Z,2024-06-17T18:26:43.288000Z,2024-06-17T18:11:24.015848Z,4209,C12CKKMA,300,English,No,Yes,34,Male,White,United States,United States,United States,English,No,Part-Time
66704acf6c1f215d8d485521,,APPROVED,Not Applicable,2024-06-17T14:40:24.578000Z,2024-06-17T15:23:24.901000Z,2024-06-17T17:52:59.825000Z,2024-06-17T16:25:00.461833Z,2581,C12CKKMA,55,English,No,Yes,35,Male,Black,United States,United States,United States,English,No,Full-Time
66704bbc3ac613868b2825b4,,APPROVED,Not Applicable,2024-06-17T14:44:36.625000Z,2024-06-17T15:13:22.211000Z,2024-06-17T17:53:00.615000Z,2024-06-17T15:13:23.067010Z,1726,C12CKKMA,1929,English,No,Yes,35,Female,White,United States,United States,United States,English,No,Full-Time
66704ca58b5420009c673752,,APPROVED,Not Applicable,2024-06-17T14:48:09.789000Z,2024-06-17T15:15:52.944000Z,2024-06-17T17:53:01.229000Z,2024-06-17T15:18:13.651529Z,1664,C12CKKMA,100,English,No,Yes,35,Male,DATA_EXPIRED,United States,United States,United States,English,No,DATA_EXPIRED
667079b096c0ca2a3b9b7713,,APPROVED,Not Applicable,2024-06-17T18:00:19.698000Z,2024-06-17T18:25:32.797000Z,2024-06-17T18:26:44.149000Z,2024-06-17T18:25:33.731897Z,1514,C12CKKMA,306,"Chinese, English",No,Yes,35,Male,Asian,United States,United States,United States,English,No,Full-Time
66704908ae1bf672117acb9a,,APPROVED,Not Applicable,2024-06-17T14:33:12.610000Z,2024-06-17T15:02:31.090000Z,2024-06-17T17:52:58.058000Z,2024-06-17T15:02:31.546667Z,1759,C12CKKMA,3675,English,No,Yes,39,Male,White,United States,United States,United States,English,No,"Not in paid work (e.g. homemaker', 'retired or disabled)"
666c6faf10c451b9be0de405,,APPROVED,Not Applicable,2024-06-14T16:28:35.746000Z,2024-06-14T17:07:08.335000Z,2024-06-14T18:11:14.153000Z,2024-06-14T17:07:08.944278Z,2313,C12CKKMA,4157,English,No,Yes,39,Female,Black,United States,United States,United States,English,No,Full-Time
667071dfbb0ee8ebf71c5f7a,,APPROVED,Not Applicable,2024-06-17T17:27:05.015000Z,2024-06-17T18:19:19.880000Z,2024-06-17T18:26:43.796000Z,2024-06-17T18:21:03.729662Z,3135,C12CKKMA,2784,English,No,Yes,40,Male,White,United States,United States,United States,English,No,DATA_EXPIRED
666c6e9109980915527cfe5b,,APPROVED,Not Applicable,2024-06-14T16:30:02.148000Z,2024-06-14T17:14:32.172000Z,2024-06-14T18:11:13.358000Z,2024-06-14T17:14:32.554532Z,2671,C12CKKMA,199,English,No,Yes,40,Male,White,United States,United States,United States,English,No,Full-Time
66704d68388d10a9927acc48,,APPROVED,Not Applicable,2024-06-17T14:51:27.549000Z,2024-06-17T15:18:33.594000Z,2024-06-17T17:53:02.391000Z,2024-06-17T15:19:09.645586Z,1627,C12CKKMA,1310,English,No,Yes,41,Female,Black,United States,United States,United States,English,No,Full-Time
66704a7dad60bee6413ece91,,APPROVED,Not Applicable,2024-06-17T14:38:53.666000Z,2024-06-17T15:10:52.660000Z,2024-06-17T17:52:59.429000Z,2024-06-17T15:11:01.868196Z,1919,C12CKKMA,1110,English,No,Yes,42,Female,Black,United States,United States,United States,English,No,Unemployed (and job seeking)
66704e9ee025da8cead1b81f,,APPROVED,Not Applicable,2024-06-17T14:56:38.069000Z,2024-06-17T15:34:51.748000Z,2024-06-17T17:53:04.510000Z,2024-06-17T15:34:52.217548Z,2294,C12CKKMA,1870,English,No,Yes,44,Female,White,United States,United States,United States,English,No,"Not in paid work (e.g. homemaker', 'retired or disabled)"
66704e39cfc7b6b87a8cbcba,,APPROVED,Not Applicable,2024-06-17T14:55:41.547000Z,2024-06-17T15:26:08.426000Z,2024-06-17T17:53:03.648000Z,2024-06-17T15:28:15.152247Z,1827,NOCODE,1346,English,No,Yes,45,Female,White,United States,United States,United States,English,No,Part-Time
6670498016d44c7364b51ebb,,APPROVED,Not Applicable,2024-06-17T14:38:32.148000Z,2024-06-17T15:05:01.445000Z,2024-06-17T17:52:58.648000Z,2024-06-17T15:05:04.693104Z,1590,C12CKKMA,2299,English,No,Yes,48,Male,White,United States,United States,United States,English,No,DATA_EXPIRED
66704d7d4f0346860a6b0248,,APPROVED,Not Applicable,2024-06-17T14:52:13.633000Z,2024-06-17T15:20:27.937000Z,2024-06-17T17:53:02.593000Z,2024-06-17T15:20:28.483571Z,1695,C12CKKMA,471,English,No,Yes,48,Male,White,United States,United States,United States,English,No,Full-Time
66704f10306633c432245734,,APPROVED,Not Applicable,2024-06-17T15:00:16.011000Z,2024-06-17T15:22:55.316000Z,2024-06-17T17:53:04.707000Z,2024-06-17T15:22:56.080411Z,1360,C12CKKMA,2475,English,No,Yes,48,Female,White,United States,United States,United States,English,Yes,Full-Time
66704a59970c84e77698f0cc,,APPROVED,Not Applicable,2024-06-17T14:38:23.213000Z,2024-06-17T15:18:06.907000Z,2024-06-17T17:52:59.044000Z,2024-06-17T15:19:02.288903Z,2384,C12CKKMA,2060,English,No,Yes,50,Female,Black,United States,United States,United States,English,No,Full-Time
66704e48ab4a651f789adc69,,APPROVED,Not Applicable,2024-06-17T14:55:10.763000Z,2024-06-17T15:23:17.719000Z,2024-06-17T17:53:03.852000Z,2024-06-17T15:23:18.199402Z,1687,C12CKKMA,253,English,No,Yes,50,Female,Asian,United States,United States,Korea,English,No,Full-Time
666c6f7abe9b5aea8b5bbba4,,APPROVED,Not Applicable,2024-06-14T16:29:46.529000Z,2024-06-14T18:00:35.713000Z,2024-06-14T18:11:13.569000Z,2024-06-14T18:00:36.340371Z,5450,C12CKKMA,2652,English,No,Yes,50,Male,Black,United States,United States,United States,English,Yes,Part-Time
66704b8e09e6e5797ec72f51,,APPROVED,Not Applicable,2024-06-17T14:43:40.244000Z,2024-06-17T15:13:24.304000Z,2024-06-17T17:53:00.429000Z,2024-06-17T15:13:24.824297Z,1785,C12CKKMA,2332,"English, Russian",No,Yes,51,Female,White,United States,United States,United States,English,No,Part-Time
66704d8d306633c4322456e0,,APPROVED,Not Applicable,2024-06-17T14:52:01.976000Z,2024-06-17T15:15:38.360000Z,2024-06-17T17:53:02.803000Z,2024-06-17T15:18:05.720710Z,1417,C12CKKMA,5608,English,No,Yes,51,Male,White,United States,United States,United States,English,No,Full-Time
667056b7a28e2ba14957656f,,APPROVED,Not Applicable,2024-06-17T15:31:15.857000Z,2024-06-17T15:59:40.903000Z,2024-06-17T17:53:05.145000Z,2024-06-17T16:00:12.964279Z,1706,C12CKKMA,325,English,No,Yes,51,Male,Black,United States,United States,United States,English,No,Full-Time
666c71674bdd03cbd0f7a5dc,,APPROVED,Not Applicable,2024-06-14T16:35:55.926000Z,2024-06-14T17:05:29.383000Z,2024-06-14T18:11:15.919000Z,2024-06-14T17:05:30.007762Z,1774,C12CKKMA,1960,English,No,Yes,51,Male,White,United States,United States,United States,English,No,Full-Time
66704a38f5f945d019245d24,,APPROVED,Not Applicable,2024-06-17T14:37:49.745000Z,2024-06-17T15:24:06.307000Z,2024-06-17T17:50:54.362000Z,2024-06-17T15:24:06.764472Z,2777,NOCODE,1591,English,No,Yes,52,Female,White,United States,United States,United States,English,DATA_EXPIRED,"Not in paid work (e.g. homemaker', 'retired or disabled)"
66704bff311674800ba0a876,,APPROVED,Not Applicable,2024-06-17T14:45:24.318000Z,2024-06-17T15:16:51.515000Z,2024-06-17T17:53:00.804000Z,2024-06-17T15:18:40.643800Z,1888,C12CKKMA,2878,English,No,Yes,52,Female,Black,United States,United States,United States,English,DATA_EXPIRED,Full-Time
66704d31324eb1dc5ca970aa,,APPROVED,Not Applicable,2024-06-17T14:50:30.811000Z,2024-06-17T15:20:19.203000Z,2024-06-17T17:53:01.998000Z,2024-06-17T15:20:20.083199Z,1789,C12CKKMA,318,English,No,Yes,52,Male,Black,United States,United States,United States,English,No,Full-Time
66704b7f7d8090ae79602e4a,,APPROVED,Not Applicable,2024-06-17T14:43:17.530000Z,2024-06-17T15:04:07.947000Z,2024-06-17T17:53:00.228000Z,2024-06-17T15:04:08.551684Z,1251,C12CKKMA,2571,English,No,Yes,53,Female,White,United States,United States,United States,English,No,Full-Time
66704a68f5ca71c26122881e,,APPROVED,Not Applicable,2024-06-17T14:38:40.216000Z,2024-06-17T15:08:51.481000Z,2024-06-17T17:52:59.240000Z,2024-06-17T15:10:38.607442Z,1812,C12CKKMA,1072,English,No,Yes,58,Female,White,United States,United States,United States,English,DATA_EXPIRED,Full-Time
66704b5b1b101716cf98f116,,APPROVED,Not Applicable,2024-06-17T14:43:09.169000Z,2024-06-17T15:21:01.028000Z,2024-06-17T17:53:00.034000Z,2024-06-17T15:21:01.493702Z,2272,C12CKKMA,3351,English,No,Yes,58,Female,White,United States,United States,United States,English,No,"Not in paid work (e.g. homemaker', 'retired or disabled)"
66704cc31c95339dba152e80,,APPROVED,Not Applicable,2024-06-17T14:48:49.157000Z,2024-06-17T15:31:36.008000Z,2024-06-17T17:53:01.424000Z,2024-06-17T15:31:36.553435Z,2567,C12CKKMA,840,English,No,Yes,61,Male,White,United States,United States,United States,English,No,Part-Time